Feature,Importance
num__age_last_milestone_year,0.34618617326039686
num__relationships,0.17715365923719018
num__funding_total_usd,0.11282117123536396
num__age_first_funding_year,0.11002456714288764
num__avg_participants,0.044038787615843136
num__longitude,0.028157169465761255
num__age_first_milestone_year,0.024493637300068875
num__latitude,0.024022745782007214
num__age_last_funding_year,0.02037092540189087
cat__category_code_other,0.0157205877194058
num__funding_rounds,0.013029609089176438
num__is_top500,0.012191906099784083
cat__category_code_semiconductor,0.008329451909873145
cat__category_code_public_relations,0.007616252066419553
num__milestones,0.006330463776629188
cat__category_code_search,0.0059652593585454656
cat__category_code_cleantech,0.005191903401709054
num__has_roundC,0.004510951423141824
cat__category_code_hardware,0.0036876678844898385
cat__category_code_ecommerce,0.0035794854500916574
cat__state_code_NH,0.003399802853650094
cat__state_code_IL,0.003394443666396893
cat__state_code_WI,0.0032385086655700532
cat__state_code_CO,0.00244873990058349
num__has_VC,0.0021739520861281184
cat__category_code_photo_video,0.002078168383117124
num__has_roundD,0.0017561093094099118
cat__state_code_NC,0.001614836862667911
cat__state_code_CT,0.0015583229292833233
cat__category_code_automotive,0.0015544927119705073
num__has_roundB,0.0008601097611823434
cat__state_code_IN,0.000812090128929217
cat__category_code_fashion,0.0005248597937302116
cat__category_code_security,0.0004586505682053269
cat__category_code_biotech,0.00025441908176903727
num__has_angel,0.00022785736592256518
cat__state_code_NY,0.00015554031946247486
cat__category_code_messaging,6.672099134548644e-05
cat__state_code_CA,0.0
cat__state_code_AZ,0.0
cat__state_code_AR,0.0
num__has_roundA,0.0
cat__state_code_NJ,0.0
cat__state_code_MO,0.0
cat__state_code_NV,0.0
cat__state_code_FL,0.0
cat__state_code_MA,0.0
cat__state_code_KY,0.0
cat__state_code_MD,0.0
cat__state_code_ME,0.0
cat__state_code_MN,0.0
cat__state_code_MI,0.0
cat__state_code_GA,0.0
cat__state_code_DC,0.0
cat__category_code_analytics,0.0
cat__category_code_advertising,0.0
cat__state_code_WV,0.0
cat__state_code_WA,0.0
cat__state_code_UT,0.0
cat__state_code_VA,0.0
cat__state_code_TX,0.0
cat__state_code_TN,0.0
cat__state_code_OH,0.0
cat__state_code_RI,0.0
cat__state_code_PA,0.0
cat__state_code_OR,0.0
cat__state_code_NM,0.0
cat__category_code_education,0.0
cat__category_code_enterprise,0.0
cat__category_code_consulting,0.0
cat__category_code_mobile,0.0
cat__category_code_medical,0.0
cat__category_code_manufacturing,0.0
cat__category_code_health,0.0
cat__category_code_finance,0.0
cat__category_code_games_video,0.0
cat__category_code_news,0.0
cat__category_code_network_hosting,0.0
cat__category_code_real_estate,0.0
cat__category_code_music,0.0
cat__category_code_social,0.0
cat__category_code_software,0.0
cat__category_code_sports,0.0
cat__category_code_transportation,0.0
cat__category_code_travel,0.0
cat__category_code_web,0.0
